{"startingSeason":2015,
"players":[
{
  "tid": -2,
  "ratings": [
{
  "hgt": 84,
  "stre": 68,
  "spd": 58,
  "jmp": 76,
  "endu": 65,
  "ins": 76,
  "dnk": 76,
  "ft": 70,
  "fg": 56,
  "tp": 4,
  "blk": 78,
  "stl": 38,
  "drb": 20,
  "pss": 44,
  "reb": 77,
  "pot": 83,
  "skills": []
}
  ],
  "pos": "C",
  "hgt": 84,
  "weight": 248,
  "born": {
"year": 1995,"loc": "Piscataway, NJ"
  },
  "name": "Karl-Anthony Towns",
  "imgURL": "http://a.espncdn.com/combiner/i?img=/i/headshots/recruiting/ncb/players/full/150656.png&w=350&h=254",
  "contract": {
"amount": 3000,
"exp": 2018	
  },
  "draft": {
"round": 0,
"pick": 0,
"tid": -1,
"originalTid": -1,
"year": 2015,
"loc": "USA"
  },
  "injury": {"type": "Healthy","gamesRemaining": 0}
},
{
  "tid": -2,
  "ratings": [
{
  "hgt": 42,
  "stre": 36,
  "spd": 73,
  "jmp": 76,
  "endu": 61,
  "ins": 38,
  "dnk": 66,
  "ft": 76,
  "fg": 68,
  "tp": 69,
  "blk": 14,
  "stl": 54,
  "drb": 74,
  "pss": 73,
  "reb": 25,
  "pot": 65,
  "skills": []
}
  ],
  "pos": "G","hgt": 77,"weight": 180,
  "born": {
"year": 1996,"loc": "Louisville, KY"
  },
  "name": "D'Angelo Russell",
  "imgURL": "http://media.kentucky.com/smedia/2013/01/06/18/15/bnB8M.AuSt.79.jpeg",
  "contract": {
"amount": 1300,"exp": 2018	
  },
  "draft": {"round": 0,"pick": 0,"tid": -1,"originalTid": -1,"year": 2015,"loc": "USA"},
  "injury": {
"type": "Healthy","gamesRemaining": 0	
  }
},
{
  "tid": -2,
  "ratings": [
{
  "hgt": 85,
  "stre": 72,
  "spd": 62,
  "jmp": 70,
  "endu": 61,
  "ins": 72,
  "dnk": 76,
  "ft": 50,
  "fg": 63,
  "tp": 0,
  "blk": 72,
  "stl": 33,
  "drb": 22,
  "pss": 26,
  "reb": 88,
  "pot": 75,
  "skills": []
}
  ],
  "pos": "C",
  "hgt": 82,
  "weight": 272,
  "born": {
"year": 1995,"loc": "Chicago, IL"
  },
  "name": "Jahlil Okafor",
  "imgURL": "http://www.basketsession.com/wp-content/uploads/2013/08/JahlilOKAFOR-BENTON_USA_.jpg",
  "contract": {"amount": 4600,"exp": 2018},
  "draft": {
"round": 0,
"pick": 0,
"tid": -1,
"originalTid": -1,
"year": 2015,
"loc": "USA"
  },
  "injury": {
"type": "Healthy",
"gamesRemaining": 0	
  }
},
{
  "tid": -2,
  "ratings": [
{
  "hgt": 92,
  "stre": 65,
  "spd": 60,
  "jmp": 69,
  "endu": 58,
  "ins": 46,
  "dnk": 50,
  "ft": 50,
  "fg": 59,
  "tp": 55,
  "blk": 71,
  "stl": 50,
  "drb": 22,
  "pss": 26,
  "reb": 64,
  "pot": 67,
  "skills": []
}
  ],
  "pos": "PF",
  "hgt": 84,"weight": 220,
  "born": {
"year": 1995,"loc": "Ventspils, Latvia"
  },
  "name": "Kristaps Porzingis",
  "imgURL": "http://content.draftexpress.com/headshots/kristapsporzingis.jpg",
  "contract": {
"amount": 1350,"exp": 2017	
  },
  "draft": {
"round": 0,
"pick": 0,
"tid": -1,
"originalTid": -1,
"year": 2015,
"loc": "Latvia"
  },
  "injury": {
"type": "Healthy",
"gamesRemaining": 0	
  }
},
{
  "tid": -2,
  "ratings": [
{
  "hgt": 58,
  "stre": 22,
  "spd": 49,
  "jmp": 38,
  "endu": 57,
  "ins": 36,
  "dnk": 39,
  "ft": 69,
  "fg": 61,
  "tp": 68,
  "blk": 30,
  "stl": 28,
  "drb": 30,
  "pss": 30,
  "reb": 32,
  "pot": 65,
  "skills": []
}
  ],
  "pos": "SF",
  "hgt": 78,
  "weight": 200,
  "born": {
"year": 1995,
"loc": "Dubrovnik, Croatia"
  },
  "name": "Mario Hezonja",
  "imgURL": "http://content.draftexpress.com/headshots/mariohezonja.jpg",
  "contract": {
"amount": 2400,
"exp": 2018	
  },
  "draft": {
"round": 0,
"pick": 0,
"tid": -1,
"originalTid": -1,
"year": 2015,
"loc": "USA"
  },
  "injury": {
"type": "Healthy",
"gamesRemaining": 0	
  }
},
{
  "tid": -2,
  "ratings": [
{
  "hgt": 83,
  "stre": 68,
  "spd": 68,
  "jmp": 60,
  "endu": 54,
  "ins": 59,
  "dnk": 57,
  "ft": 46,
  "fg": 66,
  "tp": 4,
  "blk": 78,
  "stl": 28,
  "drb": 16,
  "pss": 30,
  "reb": 68,
  "pot": 64,
  "skills": []
}
  ],
  "pos": "FC",
  "hgt": 84,"weight": 244,
  "born": {
"year": 1993,"loc": "Spearville, KS"
  },
  "name": "Willie Cauley-Stein",
  "imgURL": "http://d2cwpp38twqe55.cloudfront.net/images-011/players/caulewi01.png",
  "contract": {
"amount": 1900,"exp": 2018	
  },
  "draft": {"round": 0,"pick": 0,"tid": -1,"originalTid": -1,"year": 2015,"loc": "USA"}
},
{
  "tid": -2,
  "ratings": [
{
  "hgt": 44,
  "stre": 44,
  "spd": 78,
  "jmp": 73,
  "endu": 62,
  "ins": 39,
  "dnk": 66,
  "ft": 60,
  "fg": 50,
  "tp": 58,
  "blk": 12,
  "stl": 42,
  "drb": 75,
  "pss": 72,
  "reb": 20,
  "pot": 68,
  "skills": []
}
  ],
  "pos": "PG",
  "hgt": 77,
  "weight": 190,
  "born": {
"year": 1996,
"loc": "Kinshasa, DR Congo"
  },
  "name": "Emmanuel Mudiay",
  "imgURL": "http://a.espncdn.com/combiner/i?img=/i/headshots/recruiting/ncb/players/full/117574.png&w=350&h=254",
  "contract": {
"amount": 3500,
"exp": 2018	
  },
  "draft": {
"round": 0,
"pick": 0,
"tid": -1,
"originalTid": -1,
"year": 2015,
"loc": "USA"
  },
  "injury": {
"type": "Healthy",
"gamesRemaining": 0	
  }
},
{
  "tid": -2,
  "ratings": [
{
  "hgt": 50,
  "stre": 40,
  "spd": 78,
  "jmp": 68,
  "endu": 57,
  "ins": 36,
  "dnk": 63,
  "ft": 62,
  "fg": 66,
  "tp": 63,
  "blk": 38,
  "stl": 28,
  "drb": 30,
  "pss": 32,
  "reb": 55,
  "pot": 64,
  "skills": []
}
  ],
  "pos": "SF",
  "hgt": 79,
  "weight": 237,
  "born": {
"year": 1996,
"loc": "Fullerton, CA"
  },
  "name": "Stanley Johnson",
  "imgURL": "http://a.espncdn.com/combiner/i?img=/i/headshots/recruiting/ncb/players/full/117611.png&w=350&h=254",
  "contract": {
"amount": 2700,
"exp": 2018	
  },
  "draft": {
"round": 0,
"pick": 0,
"tid": -1,
"originalTid": -1,
"year": 2015,
"loc": "USA"
  },
  "injury": {
"type": "Healthy",
"gamesRemaining": 0	
  }
},
{
  "tid": -2,
  "ratings": [
{
  "hgt": 77,
  "stre": 66,
  "spd": 39,
  "jmp": 40,
  "endu": 50,
  "ins": 55,
  "dnk": 57,
  "ft": 75,
  "fg": 65,
  "tp": 0,
  "blk": 61,
  "stl": 39,
  "drb": 21,
  "pss": 37,
  "reb": 75,
  "pot": 63,
  "skills": [
"Di"
			]
}
  ],
  "pos": "C",
  "hgt": 84,
  "weight": 240,
  "born": {
"year": 1993,
"loc": "Lisle, IL"
  },
  "name": "Frank Kaminsky",
  "imgURL": "http://cdn.wrn.com/wp-content/uploads/2013/01/Frank-Kaminsky.jpg",
  "contract": {
"amount": 436.316,
"exp": 2015	
  },
  "draft": {
"round": 0,
"pick": 0,
"tid": -1,
"originalTid": -1,
"year": 2015,
"loc": "USA"
  },
  "injury": {
"type": "Healthy",
"gamesRemaining": 0	
  }
},
{
  "tid": -2,
  "ratings": [
{
  "hgt": 60,
  "stre": 60,
  "spd": 60,
  "jmp": 60,
  "endu": 57,
  "ins": 44,
  "dnk": 60,
  "ft": 65,
  "fg": 65,
  "tp": 62,
  "blk": 52,
  "stl": 50,
  "drb": 33,
  "pss": 42,
  "reb": 66,
  "pot": 64,
  "skills": []
}
  ],
  "pos": "SF",
  "hgt": 78,"weight": 212,
  "born": {
"year": 1996,"loc": "Houston, TX"
  },
  "name": "Justise Winslow",
  "imgURL": "http://a.espncdn.com/combiner/i?img=/i/headshots/nba/players/full/3135047.png&w=350&h=254",
  "contract": {
"amount": 2100,"exp": 2018	
  },
  "draft": {
"round": 0,
"pick": 0,
"tid": -1,
"originalTid": -1,
"year": 2015,
"loc": "USA"
  },
  "injury": {
"type": "Healthy",
"gamesRemaining": 0	
  }
},
{
  "tid": -2,
  "ratings": [
{
  "hgt": 79,
  "stre": 64,
  "spd": 30,
  "jmp": 32,
  "endu": 59,
  "ins": 31,
  "dnk": 50,
  "ft": 53,
  "fg": 61,
  "tp": 0,
  "blk": 60,
  "stl": 16,
  "drb": 12,
  "pss": 22,
  "reb": 61,
  "pot": 58,
  "skills": []
}
  ],
  "pos": "C",
  "hgt": 83,
  "weight": 240,
  "born": {
"year": 1996,
"loc": "Bedford, TX"
  },
  "name": "Myles Turner",
  "imgURL": "http://a.espncdn.com/combiner/i?img=/i/headshots/recruiting/ncb/players/full/178990.png&w=350&h=254",
  "contract": {
"amount": 700,
"exp": 2018	
  },
  "draft": {
"round": 0,
"pick": 0,
"tid": -1,
"originalTid": -1,
"year": 2015,
"loc": "USA"
  },
  "injury": {
"type": "Healthy",
"gamesRemaining": 0	
  }
},
{
  "tid": -2,
  "ratings": [
{
  "hgt": 68,
  "stre": 54,
  "spd": 42,
  "jmp": 22,
  "endu": 51,
  "ins": 68,
  "dnk": 32,
  "ft": 66,
  "fg": 70,
  "tp": 15,
  "blk": 44,
  "stl": 34,
  "drb": 38,
  "pss": 33,
  "reb": 78,
  "pot": 57,
  "skills": []
}
  ],
  "pos": "PF",
  "hgt": 82,
  "weight": 250,
  "born": {
"year": 1995,
"loc": "Indianapolis, IN"
  },
  "name": "Trey Lyles",
  "imgURL": "http://a.espncdn.com/combiner/i?img=/i/headshots/recruiting/ncb/players/full/124509.png&w=350&h=254",
  "contract": {
"amount": 1300,
"exp": 2018	
  },
  "draft": {
"round": 0,
"pick": 0,
"tid": -1,
"originalTid": -1,
"year": 2015,
"loc": "USA"
  },
  "injury": {
"type": "Healthy",
"gamesRemaining": 0	
  }
},
{
  "tid": -2,
  "ratings": [
{
  "hgt": 51,
  "stre": 36,
  "spd": 70,
  "jmp": 64,
  "endu": 36,
  "ins": 56,
  "dnk": 30,
  "ft": 70,
  "fg": 59,
  "tp": 76,
  "blk": 15,
  "stl": 38,
  "drb": 70,
  "pss": 64,
  "reb": 18,
  "pot": 57,
  "skills": []
}
  ],
  "pos": "SG",
  "hgt": 78,
  "weight": 205,
  "born": {
"year": 1996,
"loc": "Ocean Springs, MS"
  },
  "name": "Devin Booker",
  "imgURL": "http://a.espncdn.com/combiner/i?img=/i/headshots/recruiting/ncb/players/full/162614.png&w=350&h=254",
  "contract": {
"amount": 1000,
"exp": 2017	
  },
  "draft": {
"round": 0,
"pick": 0,
"tid": -1,
"originalTid": -1,
"year": 2015,
"loc": "USA"
  },
  "injury": {
"type": "Healthy",
"gamesRemaining": 0	
  }
},
{
  "tid": -2,
  "ratings": [
{
  "hgt": 39,
  "stre": 32,
  "spd": 65,
  "jmp": 42,
  "endu": 54,
  "ins": 28,
  "dnk": 32,
  "ft": 62,
  "fg": 62,
  "tp": 64,
  "blk": 30,
  "stl": 38,
  "drb": 33,
  "pss": 34,
  "reb": 34,
  "pot": 63,
  "skills": []
}
  ],
  "pos": "SF",
  "hgt": 79,
  "weight": 200,
  "born": {
"year": 1995,
"loc": "Fort Bend, TX"
  },
  "name": "Kelly Oubre",
  "imgURL": "http://a.espncdn.com/combiner/i?img=/i/headshots/recruiting/ncb/players/full/141425.png&w=350&h=254",
  "contract": {
"amount": 1700,
"exp": 2018	
  },
  "draft": {
"round": 0,
"pick": 0,
"tid": -1,
"originalTid": -1,
"year": 2015,
"loc": "USA"
  },
  "injury": {
"type": "Healthy",
"gamesRemaining": 0	
  }
},
{
  "tid": -2,
  "ratings": [
{
  "hgt": 34,
  "stre": 24,
  "spd": 60,
  "jmp": 32,
  "endu": 56,
  "ins": 31,
  "dnk": 44,
  "ft": 73,
  "fg": 61,
  "tp": 50,
  "blk": 12,
  "stl": 70,
  "drb": 62,
  "pss": 70,
  "reb": 21,
  "pot": 56,
  "skills": []
}
  ],
  "pos": "PG",
  "hgt": 75,
  "weight": 185,
  "born": {
"year": 1994,
"loc": "Memphis, TN"
  },
  "name": "Cameron Payne",
  "imgURL": "http://i.cdn.turner.com/nba/nba/.element/media/2.0/teamsites/celtics/media/hs-cameron-payne-325x325.jpg",
  "contract": {
"amount": 500,
"exp": 2015	
  },
  "draft": {
"round": 0,
"pick": 0,
"tid": -1,
"originalTid": -1,
"year": 2015,
"loc": "USA"
  },
  "injury": {
"type": "Healthy",
"gamesRemaining": 0	
  }
},
{
  "tid": -2,
  "ratings": [
{
  "hgt": 28,
  "stre": 32,
  "spd": 64,
  "jmp": 32,
  "endu": 61,
  "ins": 28,
  "dnk": 32,
  "ft": 66,
  "fg": 63,
  "tp": 66,
  "blk": 14,
  "stl": 34,
  "drb": 68,
  "pss": 63,
  "reb": 25,
  "pot": 55,
  "skills": []
}
  ],
  "pos": "PG",
  "hgt": 74,
  "weight": 190,
  "born": {
"year": 1994,
"loc": "Cleveland, OH"
  },
  "name": "Terry Rozier",
  "imgURL": "http://a.espncdn.com/combiner/i?img=/i/headshots/recruiting/ncb/players/full/127680.png&w=350&h=254",
  "contract": {
"amount": 1300,
"exp": 2018	
  },
  "draft": {
"round": 0,
"pick": 0,
"tid": -1,
"originalTid": -1,
"year": 2015,
"loc": "USA"
  },
  "injury": {
"type": "Healthy",
"gamesRemaining": 0	
  }
},
{
  "tid": -2,
  "ratings": [
{
  "hgt": 54,
  "stre": 46,
  "spd": 70,
  "jmp": 74,
  "endu": 59,
  "ins": 42,
  "dnk": 66,
  "ft": 68,
  "fg": 50,
  "tp": 61,
  "blk": 44,
  "stl": 65,
  "drb": 50,
  "pss": 36,
  "reb": 50,
  "pot": 58,
  "skills": []
}
  ],
  "pos": "SG",
  "hgt": 78,
  "weight": 210,
  "born": {
"year": 1996,
"loc": "Minneapolis, MN"
  },
  "name": "Rashad Vaughn",
  "imgURL": "http://cdn4.sportngin.com/attachments/roster_player_info/2417/5453/Screen_Shot_2013-05-05_at_8.56.41_PM_medium.png",
  "contract": {
"amount": 1500,
"exp": 2015	
  },
  "draft": {
"round": 0,
"pick": 0,
"tid": -1,
"originalTid": -1,
"year": 2015,
"loc": "USA"
  },
  "injury": {
"type": "Healthy",
"gamesRemaining": 0	
  }
},
{
  "tid": -2,
  "ratings": [
{
  "hgt": 44,
  "stre": 24,
  "spd": 50,
  "jmp": 32,
  "endu": 46,
  "ins": 41,
  "dnk": 30,
  "ft": 53,
  "fg": 61,
  "tp": 60,
  "blk": 2,
  "stl": 28,
  "drb": 22,
  "pss": 32,
  "reb": 11,
  "pot": 50,
  "skills": []
}
  ],
  "pos": "SF",
  "hgt": 81,
  "weight": 229,
  "born": {
"year": 1994,
"loc": "Sheboygan, WI"	
  },
  "name": "Sam Dekker",
  "imgURL": "http://image.cdnllnwnl.xosnetwork.com/pics33/400/WD/WDBUZLHOSQKJJKD.20130829165539.jpg",
  "contract": {
"amount": 700,
"exp": 2018	
  },
  "draft": {
"round": 0,
"pick": 0,
"tid": -1,
"originalTid": -1,
"year": 2015,
"loc": "USA"
  },
  "injury": {
"type": "Healthy",
"gamesRemaining": 0	
  }
},
{
  "tid": -2,
  "ratings": [
{
  "hgt": 29,
  "stre": 13,
  "spd": 75,
  "jmp": 41,
  "endu": 46,
  "ins": 23,
  "dnk": 57,
  "ft": 34,
  "fg": 39,
  "tp": 70,
  "blk": 11,
  "stl": 51,
  "drb": 73,
  "pss": 83,
  "reb": 14,
  "pot": 55,
  "skills": []
}
  ],
  "pos": "G",
  "hgt": 77,
  "weight": 203,
  "born": {
"year": 1992,
"loc": "Bowie, MD"
  },
  "name": "Jerian Grant",
  "imgURL": "http://www.collegesports360.com/_Media/jerian_grant_2012_headshot_med.jpeg",
  "contract": {
"amount": 500,
"exp": 2015	
  },
  "draft": {
"round": 0,
"pick": 0,
"tid": -1,
"originalTid": -1,
"year": 2015,
"loc": "USA"
  },
  "injury": {
"type": "Healthy",
"gamesRemaining": 0	
  }
},
{
  "tid": -2,
  "ratings": [
{
  "hgt": 40,
  "stre": 19,
  "spd": 79,
  "jmp": 67,
  "endu": 50,
  "ins": 15,
  "dnk": 19,
  "ft": 50,
  "fg": 41,
  "tp": 58,
  "blk": 24,
  "stl": 26,
  "drb": 51,
  "pss": 19,
  "reb": 23,
  "pot": 39,
  "skills": []
}
  ],
  "pos": "G",
  "hgt": 77,
  "weight": 180,
  "born": {
"year": 1992,
"loc": "Los Angeles, CA"
  },
  "name": "Delon Wright",
  "imgURL": "http://www.runninutes.com/assets/images/players/gallery/Wright_Delon_Mug2.jpg",
  "contract": {
"amount": 500,
"exp": 2015	
  },
  "draft": {
"round": 0,
"pick": 0,
"tid": -1,
"originalTid": -1,
"year": 2015,
"loc": "USA"
  },
  "injury": {
"type": "Healthy",
"gamesRemaining": 0	
  }
},
{
  "tid": -2,
  "ratings": [
{
  "hgt": 28,
  "stre": 32,
  "spd": 64,
  "jmp": 32,
  "endu": 61,
  "ins": 28,
  "dnk": 32,
  "ft": 75,
  "fg": 70,
  "tp": 78,
  "blk": 34,
  "stl": 34,
  "drb": 38,
  "pss": 33,
  "reb": 25,
  "pot": 57,
  "skills": []
}
  ],
  "pos": "GF",
  "hgt": 78,
  "weight": 225,
  "born": {
"year": 1993,
"loc": "Montross, VA"
  },
  "name": "Justin Anderson",
  "imgURL": "http://a.espncdn.com/combiner/i?img=/i/headshots/recruiting/ncb/players/full/67259.png&w=350&h=254",
  "contract": {
"amount": 1300,
"exp": 2018	
  },
  "draft": {
"round": 0,
"pick": 0,
"tid": -1,
"originalTid": -1,
"year": 2015,
"loc": "USA"
  },
  "injury": {
"type": "Healthy",
"gamesRemaining": 0	
  }
},
{
  "tid": -2,
  "ratings": [
{
  "hgt": 67,
  "stre": 48,
  "spd": 52,
  "jmp": 60,
  "endu": 56,
  "ins": 34,
  "dnk": 32,
  "ft": 50,
  "fg": 52,
  "tp": 40,
  "blk": 48,
  "stl": 16,
  "drb": 16,
  "pss": 18,
  "reb": 56,
  "pot": 55,
  "skills": []
}
  ],
  "pos": "PF",
  "hgt": 82,
  "weight": 235,
  "born": {"year": 1995,"loc": "Little Rock, AR"},
  "name": "Bobby Portis",
  "imgURL": "http://a.espncdn.com/combiner/i?img=/i/headshots/recruiting/ncb/players/full/143044.png&w=350&h=254",
  "contract": {
"amount": 800,
"exp": 2018	
  },
  "draft": {
"round": 0,
"pick": 0,
"tid": -1,
"originalTid": -1,
"year": 2015,
"loc": "USA"
  },
  "injury": {
"type": "Healthy",
"gamesRemaining": 0	
  }
},
{
  "tid": -2,
  "ratings": [
{
  "hgt": 85,
  "stre": 66,
  "spd": 35,
  "jmp": 46,
  "endu": 54,
  "ins": 63,
  "dnk": 59,
  "ft": 64,
  "fg": 62,
  "tp": 50,
  "blk": 30,
  "stl": 32,
  "drb": 31,
  "pss": 30,
  "reb": 76,
  "pot": 57,
  "skills": []
}
  ],
  "pos": "PF",
  "hgt": 79,
  "weight": 212,
  "born": {
"year": 1995,
"loc": "Chester, PA"
  },
  "name": "Rondae Hollis-Jefferson",
  "imgURL": "http://a.espncdn.com/combiner/i?img=/i/headshots/recruiting/ncb/players/full/100742.png&w=350&h=254",
  "contract": {
"amount": 1500,
"exp": 2018	
  },
  "draft": {
"round": 0,
"pick": 0,
"tid": -1,
"originalTid": -1,
"year": 2015,
"loc": "USA"
  },
  "injury": {
"type": "Healthy",
"gamesRemaining": 0	
  }
},
{
  "tid": -2,
  "ratings": [
{
  "hgt": 17,
  "stre": 28,
  "spd": 76,
  "jmp": 69,
  "endu": 50,
  "ins": 30,
  "dnk": 33,
  "ft": 70,
  "fg": 60,
  "tp": 62,
  "blk": 14,
  "stl": 62,
  "drb": 66,
  "pss": 60,
  "reb": 30,
  "pot": 57,
  "skills": []
}
  ],
  "pos": "PG",
  "hgt": 73,
  "weight": 190,
  "born": {
"year": 1996,
"loc": "Cerritos, CA"
  },
  "name": "Tyus Jones",
  "imgURL": "http://i.cdn.turner.com/nba/nba/.element/img/3.0/sect/draft/2015/prospects/Jones_Tyrus.jpg",
  "contract": {
"amount": 700,
"exp": 2015	
  },
  "draft": {
"round": 0,
"pick": 0,
"tid": -1,
"originalTid": -1,
"year": 2015,
"loc": "USA"
  },
  "injury": {
"type": "Healthy",
"gamesRemaining": 0	
  }
},
{
  "tid": -2,
  "ratings": [
{
  "hgt": 84,
  "stre": 50,
  "spd": 22,
  "jmp": 32,
  "endu": 45,
  "ins": 58,
  "dnk": 60,
  "ft": 50,
  "fg": 59,
  "tp": 0,
  "blk": 54,
  "stl": 34,
  "drb": 18,
  "pss": 33,
  "reb": 61,
  "pot": 55,
  "skills": []
}
  ],
  "pos": "C",
  "hgt": 83,
  "weight": 230,
  "born": {
"year": 1994,
"loc": "Novi Sad, Serbia"
  },
  "name": "Nikola Milutinov",
  "imgURL": "http://prague2013.fiba.com/images/web/Events/13/FU19M/headshots/SRB/_215/Small_11.NikolaMILUTINOV_Serbia_.JPG",
  "contract": {
"amount": 1300,
"exp": 2018	
  },
  "draft": {
"round": 0,
"pick": 0,
"tid": -1,
"originalTid": -1,
"year": 2015,
"loc": "USA"
  },
  "injury": {
"type": "Healthy",
"gamesRemaining": 0	
  }
},
{
  "tid": -2,
  "ratings": [
{
  "hgt": 72,
  "stre": 47,
  "spd": 38,
  "jmp": 59,
  "endu": 51,
  "ins": 50,
  "dnk": 62,
  "ft": 62,
  "fg": 50,
  "tp": 30,
  "blk": 43,
  "stl": 30,
  "drb": 30,
  "pss": 24,
  "reb": 62,
  "pot": 55,
  "skills": []
}
  ],
  "pos": "PF",
  "hgt": 81,
  "weight": 239,
  "born": {
"year": 1994,
"loc": "Baton Rouge, LA"
  },
  "name": "Jarell Martin",
  "imgURL": "http://www.asmsports.com/wp-content/uploads/2015/07/Jarell-Martin-Headshot1.png",
  "contract": {
"amount": 3300,
"exp": 2017	
  },
  "draft": {
"round": 0,
"pick": 0,
"tid": -1,
"originalTid": -1,
"year": 2015,
"loc": "USA"
  },
  "injury": {
"type": "Healthy",
"gamesRemaining": 0	
  }
},
{
  "tid": -2,
  "ratings": [
{
  "hgt": 71,
  "stre": 69,
  "spd": 44,
  "jmp": 32,
  "endu": 61,
  "ins": 28,
  "dnk": 32,
  "ft": 66,
  "fg": 55,
  "tp": 0,
  "blk": 14,
  "stl": 34,
  "drb": 38,
  "pss": 33,
  "reb": 65,
  "pot": 57,
  "skills": []
}
  ],
  "pos": "PF",
  "hgt": 81,
  "weight": 250,
  "born": {
"year": 1991,"loc": "Bryn Athyn, PA"
  },
  "name": "Rakeem Christmas",
  "imgURL": "http://d2cwpp38twqe55.cloudfront.net/images-011/players/chrisra01.png",
  "contract": {
"amount": 1300,
"exp": 2018	
  },
  "draft": {
"round": 0,
"pick": 0,
"tid": -1,
"originalTid": -1,
"year": 2015,
"loc": "USA"
  },
  "injury": {
"type": "Healthy",
"gamesRemaining": 0	
  }
},
{
  "tid": -2,
  "ratings": [
{
  "hgt": 72,
  "stre": 70,
  "spd": 62,
  "jmp": 76,
  "endu": 58,
  "ins": 57,
  "dnk": 63,
  "ft": 58,
  "fg": 51,
  "tp": 54,
  "blk": 56,
  "stl": 19,
  "drb": 35,
  "pss": 35,
  "reb": 76,
  "pot": 58,
  "skills": []
}
  ],
  "pos": "PF",
  "hgt": 81,"weight": 235,
  "born": {
"year": 1993,"loc": "Akron, OH"
  },
  "name": "Larry Nance, Jr.",
  "imgURL": "http://i2.wp.com/www.uwbrandingiron.com/wp-content/uploads/2014/01/Nance-Jr.-Larry_TCB8765.jpg?resize=144%2C216",
  "contract": {
"amount": 1400,
"exp": 2018	
  },
  "draft": {
"round": 0,
"pick": 0,
"tid": -1,
"originalTid": -1,
"year": 2015,
"loc": "USA"
  },
  "injury": {
"type": "Healthy",
"gamesRemaining": 0	
  }
},
{
  "tid": -2,
  "ratings": [
{
  "hgt": 66,
  "stre": 34,
  "spd": 50,
  "jmp": 32,
  "endu": 36,
  "ins": 31,
  "dnk": 66,
  "ft": 53,
  "fg": 41,
  "tp": 20,
  "blk": 32,
  "stl": 36,
  "drb": 32,
  "pss": 22,
  "reb": 31,
  "pot": 58,
  "skills": []
}
  ],
  "pos": "F",
  "hgt": 81,
  "weight": 220,
  "born": {
"year": 1996,
"loc": "Milwaukee, WI"
  },
  "name": "Kevon Looney",
  "imgURL": "http://1.bp.blogspot.com/-7dK-VVuZ7Ag/UqDbbSStuXI/AAAAAAAABzM/WrSFZ_Hz9bo/s320/hs.png",
  "contract": {
"amount": 700,
"exp": 2018	
  },
  "draft": {
"round": 0,
"pick": 0,
"tid": -1,
"originalTid": -1,
"year": 2015,
"loc": "USA"
  },
  "injury": {
"type": "Healthy",
"gamesRemaining": 0	
  }
},
{
  "tid": -2,
  "ratings": [
{
  "hgt": 43,
  "stre": 34,
  "spd": 60,
  "jmp": 62,
  "endu": 46,
  "ins": 31,
  "dnk": 65,
  "ft": 53,
  "fg": 66,
  "tp": 33,
  "blk": 52,
  "stl": 16,
  "drb": 42,
  "pss": 32,
  "reb": 21,
  "pot": 50,
  "skills": []
}
  ],
  "pos": "SG",
  "hgt": 77,"weight": 185,
  "born": {"year": 1993,"loc": "Oxford, OH"},
  "name": "R.J. Hunter",
  "imgURL": "http://i.cdn.turner.com/nba/nba/.element/media/2.0/teamsites/celtics/media/hs-rj-hunter-325x325.jpg",
  "contract": {"amount": 507,"exp": 2016},
  "draft": {
"round": 0,
"pick": 0,
"tid": -1,
"originalTid": -1,
"year": 2015,
"loc": "USA"
  },
  "injury": {"type": "Healthy","gamesRemaining": 0}
},
{
  "tid": -2,
  "ratings": [
{
  "hgt": 31,
  "stre": 36,
  "spd": 59,
  "jmp": 43,
  "endu": 50,
  "ins": 49,
  "dnk": 42,
  "ft": 78,
  "fg": 70,
  "tp": 70,
  "blk": 17,
  "stl": 50,
  "drb": 58,
  "pss": 62,
  "reb": 11,
  "pot": 53,
  "skills": []
}
  ],
  "pos": "G",
  "hgt": 75,
  "weight": 190,
  "born": {
"year": 1993,
"loc": "Aylmer, Canada"
  },
  "name": "Olivier Hanlan",
  "imgURL": "http://grfx.cstv.com/photos/schools/bc/sports/m-baskbl/auto_headshot/9242733.jpeg",
  "contract": {
"amount": 2500,
"exp": 2016	
  },
  "draft": {
"round": 0,
"pick": 0,
"tid": -1,
"originalTid": -1,
"year": 2015,
"loc": "USA"
  },
  "injury": {
"type": "Healthy",
"gamesRemaining": 0	
  }
},
{
  "tid": -2,
  "ratings": [
{
  "hgt": 30,
  "stre": 32,
  "spd": 66,
  "jmp": 39,
  "endu": 54,
  "ins": 28,
  "dnk": 32,
  "ft": 66,
  "fg": 64,
  "tp": 67,
  "blk": 14,
  "stl": 34,
  "drb": 48,
  "pss": 32,
  "reb": 22,
  "pot": 62,
  "skills": []
}
  ],
  "pos": "SG",
  "hgt": 77,
  "weight": 210,
  "born": {
"year": 1994,
"loc": "Richmond, TX"
  },
  "name": "Andrew Harrison",
  "imgURL": "https://ct.yimg.com/mr/IMAGES/PROSPECT/PHOTO/HARRISONANDREW_7_10_-COPY.JPG",
  "contract": {
"amount": 850,
"exp": 2018	
  },
  "draft": {
"round": 0,
"pick": 0,
"tid": -1,
"originalTid": -1,
"year": 2015,
"loc": "USA"
  },
  "injury": {
"type": "Healthy",
"gamesRemaining": 0	
  }
},
{
  "tid": -2,
  "ratings": [
{
  "hgt": 85,
  "stre": 72,
  "spd": 0,
  "jmp": 8,
  "endu": 23,
  "ins": 63,
  "dnk": 77,
  "ft": 39,
  "fg": 23,
  "tp": 0,
  "blk": 78,
  "stl": 15,
  "drb": 9,
  "pss": 20,
  "reb": 80,
  "pot": 50,
  "skills": []
}
  ],
  "pos": "C",
  "hgt": 84,
  "weight": 255,
  "born": {
"year": 1995,
"loc": "Brooklyn, NY"	
  },
  "name": "Dakari Johnson",
  "imgURL": "https://ct.yimg.com/mr/IMAGES/PROSPECT/PHOTO/JOHNSON_DAKARI_2011_150CORNELIA-MARIE-DEVLIN.JPG",
  "contract": {
"amount": 500,
"exp": 2015	
  },
  "draft": {
"round": 0,
"pick": 0,
"tid": -1,
"originalTid": -1,
"year": 2015,
"loc": "USA"
  },
  "injury": {
"type": "Healthy",
"gamesRemaining": 0	
  }
},
{
  "tid": -2,
  "ratings": [
{
  "hgt": 28,
  "stre": 66,
  "spd": 64,
  "jmp": 32,
  "endu": 55,
  "ins": 28,
  "dnk": 55,
  "ft": 66,
  "fg": 63,
  "tp": 66,
  "blk": 14,
  "stl": 34,
  "drb": 38,
  "pss": 33,
  "reb": 25,
  "pot": 48,
  "skills": []
}
  ],
  "pos": "SG",
  "hgt": 78,
  "weight": 225,
  "born": {
"year": 1993,
"loc": "Gary, IN"
  },
  "name": "Branden Dawson",
  "imgURL": "http://grfx.cstv.com/photos/schools/msu/sports/m-baskbl/auto_headshot/9268109.jpeg",
  "contract": {
"amount": 1300,
"exp": 2018	
  },
  "draft": {
"round": 0,
"pick": 0,
"tid": -1,
"originalTid": -1,
"year": 2015,
"loc": "USA"
  },
  "injury": {
"type": "Healthy",
"gamesRemaining": 0	
  }
},
{
  "tid": -2,
  "ratings": [
{
  "hgt": 60,
  "stre": 28,
  "spd": 25,
  "jmp": 21,
  "endu": 48,
  "ins": 33,
  "dnk": 59,
  "ft": 62,
  "fg": 60,
  "tp": 70,
  "blk": 23,
  "stl": 48,
  "drb": 19,
  "pss": 36,
  "reb": 29,
  "pot": 48,
  "skills": []
}
  ],
  "pos": "F",
  "hgt": 80,
  "weight": 220,
  "born": {
"year": 1992,
"loc": "Strongsville, OH"
  },
  "name": "Aaron White",
  "imgURL": "http://bloximages.chicago2.vip.townnews.com/qctimes.com/content/tncms/assets/v3/editorial/7/a7/7a7ade0b-afcf-59eb-91a3-29b1adbe6e55/52d1ae8fa7220.preview-620.jpg",
  "contract": {
"amount": 500,
"exp": 2016	
  },
  "draft": {
"round": 0,
"pick": 0,
"tid": -1,
"originalTid": -1,
"year": 2015,
"loc": "USA"
  },
  "injury": {
"type": "Healthy",
"gamesRemaining": 0	
  }
},
{
  "tid": -2,
  "ratings": [
{
  "hgt": 26,
  "stre": 37,
  "spd": 65,
  "jmp": 32,
  "endu": 60,
  "ins": 29,
  "dnk": 30,
  "ft": 66,
  "fg": 60,
  "tp": 61,
  "blk": 14,
  "stl": 30,
  "drb": 32,
  "pss": 30,
  "reb": 18,
  "pot": 53,
  "skills": []
}
  ],
  "pos": "SG",
  "hgt": 76,
  "weight": 215,
  "born": {
"year": 1994,
"loc": "San Diego, CA"
  },
  "name": "Norman Powell",
  "imgURL": "http://www.partletonsports.com/wp-content/uploads/2014/01/Norman-Powell-UCLA.jpg",
  "contract": {
"amount": 1100,
"exp": 2018	
  },
  "draft": {
"round": 0,
"pick": 0,
"tid": -1,
"originalTid": -1,
"year": 2015,
"loc": "USA"
  },
  "injury": {
"type": "Healthy",
"gamesRemaining": 0	
  }
},
{
  "tid": -2,
  "ratings": [
{
  "hgt": 28,
  "stre": 62,
  "spd": 46,
  "jmp": 66,
  "endu": 61,
  "ins": 28,
  "dnk": 74,
  "ft": 66,
  "fg": 63,
  "tp": 66,
  "blk": 14,
  "stl": 34,
  "drb": 38,
  "pss": 33,
  "reb": 25,
  "pot": 57,
  "skills": []
}
  ],
  "pos": "PF",
  "hgt": 80,
  "weight": 235,
  "born": {
"year": 1994,
"loc": "Arlington, TX"
  },
  "name": "Jordan Mickey",
  "imgURL": "http://image.cdnllnwnl.xosnetwork.com/pics33/200/NQ/NQZEHGAGUFJQZCX.20140926175939.jpg",
  "contract": {
"amount": 1300,
"exp": 2018	
  },
  "draft": {
"round": 0,
"pick": 0,
"tid": -1,
"originalTid": -1,
"year": 2015,
"loc": "USA"
  },
  "injury": {
"type": "Healthy",
"gamesRemaining": 0	
  }
},
{
  "tid": -2,
  "ratings": [
{
  "hgt": 64,
  "stre": 42,
  "spd": 38,
  "jmp": 44,
  "endu": 54,
  "ins": 34,
  "dnk": 32,
  "ft": 46,
  "fg": 56,
  "tp": 4,
  "blk": 60,
  "stl": 18,
  "drb": 16,
  "pss": 22,
  "reb": 66,
  "pot": 60,
  "skills": []
}
  ],
  "pos": "PF",
  "hgt": 80,
  "weight": 230,
  "born": {"year": 1994,"loc": "Tarboro, NC"},
  "name": "Montrezl Harrell",
  "imgURL": "http://d2cwpp38twqe55.cloudfront.net/images-011/players/harremo01.png",
  "contract": {
"amount": 1800,
"exp": 2018	
  },
  "draft": {
"round": 0,
"pick": 0,
"tid": -1,
"originalTid": -1,
"year": 2015,
"loc": "USA"
  },
  "injury": {
"type": "Healthy",
"gamesRemaining": 0	
  }
},
{
  "tid": -2,
  "ratings": [
{
  "hgt": 86,
  "stre": 44,
  "spd": 33,
  "jmp": 40,
  "endu": 48,
  "ins": 58,
  "dnk": 51,
  "ft": 55,
  "fg": 49,
  "tp": 30,
  "blk": 26,
  "stl": 23,
  "drb": 22,
  "pss": 25,
  "reb": 52,
  "pot": 47,
  "skills": []
}
  ],
  "pos": "PF",
  "hgt": 83,
  "weight": 200,
  "born": {
"year": 1995,
"loc": "Bronx, NY"
  },
  "name": "Chris McCullough",
  "imgURL": "http://a.espncdn.com/combiner/i?img=/i/headshots/recruiting/ncb/players/full/126289.png&w=350&h=254",
  "contract": {
"amount": 500,
"exp": 2015	
  },
  "draft": {
"round": 0,
"pick": 0,
"tid": -1,
"originalTid": -1,
"year": 2015,
"loc": "USA"
  },
  "injury": {
"type": "Healthy",
"gamesRemaining": 0	
  }
},
{
  "tid": -2,
  "ratings": [
{
  "hgt": 50,
  "stre": 19,
  "spd": 45,
  "jmp": 38,
  "endu": 42,
  "ins": 34,
  "dnk": 39,
  "ft": 72,
  "fg": 56,
  "tp": 50,
  "blk": 22,
  "stl": 35,
  "drb": 34,
  "pss": 25,
  "reb": 32,
  "pot": 50,
  "skills": []
}
  ],
  "pos": "GF",
  "hgt": 80,
  "weight": 194,
  "born": {
"year": 1995,
"loc": "Ohrid, Macedonia"
  },
  "name": "Cedi Osman",
  "imgURL": "http://i.imgur.com/5aBSoWF.jpg",
  "contract": {
"amount": 500,
"exp": 2016	
  },
  "draft": {
"round": 0,
"pick": 0,
"tid": -1,
"originalTid": -1,
"year": 2015,
"loc": "USA"
  },
  "injury": {
"type": "Healthy",
"gamesRemaining": 0	
  }
},
{
  "tid": -2,
  "ratings": [
{
  "hgt": 48,
  "stre": 44,
  "spd": 58,
  "jmp": 49,
  "endu": 43,
  "ins": 30,
  "dnk": 33,
  "ft": 76,
  "fg": 58,
  "tp": 70,
  "blk": 30,
  "stl": 28,
  "drb": 49,
  "pss": 41,
  "reb": 26,
  "pot": 53,
  "skills": []
}
  ],
  "pos": "GF",
  "hgt": 79,
  "weight": 215,
  "born": {
"year": 1992,
"loc": "Bellflower, CA"
  },
  "name": "Anthony Brown",
  "imgURL": "http://stats.nba.com/media/players/230x185/1626148.png",
  "contract": {
"amount": 1533,
"exp": 2017	
  },
  "draft": {
"round": 0,
"pick": 0,
"tid": -1,
"originalTid": -1,
"year": 2015,
"loc": "USA"
  },
  "injury": {
"type": "Healthy",
"gamesRemaining": 0	
  }
},
{
  "tid": -2,
  "ratings": [
{
  "hgt": 70,
  "stre": 76,
  "spd": 40,
  "jmp": 55,
  "endu": 50,
  "ins": 48,
  "dnk": 38,
  "ft": 45,
  "fg": 56,
  "tp": 0,
  "blk": 78,
  "stl": 23,
  "drb": 14,
  "pss": 24,
  "reb": 72,
  "pot": 50,
  "skills": []
}
  ],
  "pos": "C",
  "hgt": 82,
  "weight": 249,
  "born": {
"year": 1994,
"loc": "Madrid, Spain"
  },
  "name": "Guillermo Hernangómez",
  "imgURL": "http://i.imgur.com/PexA8Oq.png",
  "contract": {
"amount": 500,
"exp": 2016	
  },
  "draft": {
"round": 0,
"pick": 0,
"tid": -1,
"originalTid": -1,
"year": 2015,
"loc": "Spain"
  },
  "injury": {
"type": "Healthy",
"gamesRemaining": 0	
  }
},
{
  "tid": -2,
  "ratings": [
{
  "hgt": 78,
  "stre": 62,
  "spd": 53,
  "jmp": 53,
  "endu": 45,
  "ins": 53,
  "dnk": 50,
  "ft": 48,
  "fg": 30,
  "tp": 30,
  "blk": 42,
  "stl": 43,
  "drb": 25,
  "pss": 31,
  "reb": 56,
  "pot": 49,
  "skills": []
}
  ],
  "pos": "F",
  "hgt": 82,
  "weight": 245,
  "born": {"year": 1993,"loc": "Lockport, IL"},
  "name": "Richaun Holmes",
  "imgURL": "http://www.scouting4u.com/upload/scout2win/players/115150/Holmes_Richaun.jpg",
  "contract": {
"amount": 500,
"exp": 2016	
  },
  "draft": {
"round": 0,
"pick": 0,
"tid": -1,
"originalTid": -1,
"year": 2015,
"loc": "USA"
  },
  "injury": {
"type": "Healthy",
"gamesRemaining": 0	
  }
},
{
  "tid": -2,
  "ratings": [
{
  "hgt": 50,
  "stre": 29,
  "spd": 61,
  "jmp": 42,
  "endu": 46,
  "ins": 42,
  "dnk": 42,
  "ft": 68,
  "fg": 57,
  "tp": 46,
  "blk": 25,
  "stl": 55,
  "drb": 43,
  "pss": 32,
  "reb": 43,
  "pot": 55,
  "skills": []
}
  ],
  "pos": "SG",
  "hgt": 78,
  "weight": 215,
  "born": {
"year": 1993,
"loc": "Bethlehem, PA"	
  },
  "name": "Darrun Hilliard",
  "imgURL": "http://www.provationsgroup.org/ftpfiles/villanova/Men%27s%20Basketball/Media%20Guide%20-%20Box%20Scores/201415%20Player%20Mugs/TV%20Only/Darrun%20Hilliard%204.jpg",
  "contract": {
"amount": 500,
"exp": 2015	
  },
  "draft": {
"round": 0,
"pick": 0,
"tid": -1,
"originalTid": -1,
"year": 2015,
"loc": "USA"
  },
  "injury": {
"type": "Healthy",
"gamesRemaining": 0	
  }
},
{
  "tid": -2,
  "ratings": [
{
  "hgt": 56,
  "stre": 35,
  "spd": 53,
  "jmp": 53,
  "endu": 52,
  "ins": 30,
  "dnk": 33,
  "ft": 34,
  "fg": 50,
  "tp": 55,
  "blk": 29,
  "stl": 39,
  "drb": 29,
  "pss": 37,
  "reb": 50,
  "pot": 35,
  "skills": []
}
  ],
  "pos": "SF",
  "hgt": 78,
  "weight": 200,
  "born": {
"year": 1996,
"loc": "Cordoba, Argentina"
  },
  "name": "Juan Pablo Vaulet",
  "imgURL": "http://www.thedraftreview.com/images/history/drafted2015/juanpablo-vaulet.jpg",
  "contract": {
"amount": 500,
"exp": 2016
  },
  "draft": {
"round": 0,
"pick": 0,
"tid": -1,
"originalTid": -1,
"year": 2015,
"loc": "Argentina"
  },
  "injury": {
"type": "Healthy",
"gamesRemaining": 0	
  }
},
{
  "tid": -2,
  "ratings": [
{
  "hgt": 39,
  "stre": 25,
  "spd": 71,
  "jmp": 56,
  "endu": 55,
  "ins": 13,
  "dnk": 72,
  "ft": 82,
  "fg": 53,
  "tp": 89,
  "blk": 17,
  "stl": 35,
  "drb": 46,
  "pss": 25,
  "reb": 12,
  "pot": 48,
  "skills": []
}
  ],
  "pos": "SG",
  "hgt": 78,
  "weight": 200,
  "born": {
"year": 1993,
"loc": "Edmond, OK"
  },
  "name": "Josh Richardson",
  "imgURL": "http://grfx.cstv.com/photos/schools/tenn/sports/m-baskbl/auto_headshot/7360815.jpeg",
  "contract": {
"amount": 500,
"exp": 2016	
  },
  "draft": {
"round": 0,
"pick": 0,
"tid": -1,
"originalTid": -1,
"year": 2015,
"loc": "USA"
  },
  "injury": {
"type": "Healthy",
"gamesRemaining": 0	
  }
},
{
  "tid": -2,
  "ratings": [
{
  "hgt": 34,
  "stre": 28,
  "spd": 48,
  "jmp": 40,
  "endu": 56,
  "ins": 30,
  "dnk": 28,
  "ft": 59,
  "fg": 55,
  "tp": 57,
  "blk": 34,
  "stl": 37,
  "drb": 20,
  "pss": 20,
  "reb": 43,
  "pot": 42,
  "skills": []
}
  ],
  "pos": "GF",
  "hgt": 77,
  "weight": 206,
  "born": {
"year": 1992,
"loc": "Arlington, MA"
  },
  "name": "Pat Connaughton",
  "imgURL": "http://www.seniorclassaward.com/images/sized/images/athletes/PatConnaughtonHeadshot-150x226.jpg",
  "contract": {
"amount": 500,
"exp": 2015	
  },
  "draft": {
"round": 0,"pick": 0,"tid": -1,"originalTid": -1,"year": 2015,"loc": "USA"
  },
  "injury": {
"type": "Healthy",
"gamesRemaining": 0	
  }
},
{
  "tid": -2,
  "ratings": [
{
  "hgt": 30,
  "stre": 16,
  "spd": 70,
  "jmp": 52,
  "endu": 55,
  "ins": 38,
  "dnk": 61,
  "ft": 62,
  "fg": 46,
  "tp": 59,
  "blk": 17,
  "stl": 43,
  "drb": 55,
  "pss": 60,
  "reb": 21,
  "pot": 44,
  "skills": []
}
  ],
  "pos": "PG",
  "hgt": 76,
  "weight": 180,
  "born": {
"year": 1992,
"loc": "Houston, TX"
  },
  "name": "Joseph Young",
  "imgURL": "http://image.cdnllnwnl.xosnetwork.com/pics33/200/WV/WVXNYWAVUZVOWRQ.20131018224753.jpg",
  "contract": {
"amount": 500,
"exp": 2015	
  },
  "draft": {
"round": 0,"pick": 0,"tid": -1,"originalTid": -1,"year": 2015,"loc": "USA"
  },
  "injury": {
"type": "Healthy",
"gamesRemaining": 0	
  }
},
{
  "tid": -2,
  "ratings": [
{
  "hgt": 22,
  "stre": 12,
  "spd": 61,
  "jmp": 32,
  "endu": 55,
  "ins": 33,
  "dnk": 29,
  "ft": 62,
  "fg": 37,
  "tp": 62,
  "blk": 10,
  "stl": 35,
  "drb": 65,
  "pss": 55,
  "reb": 17,
  "pot": 49,
  "skills": []
}
  ],
  "pos": "PG",
  "hgt": 75,
  "weight": 189,
  "born": {
"year": 1993,
"loc": "Upper Marlboro, MD"
  },
  "name": "Marcus Thornton",
  "imgURL": "http://www.thedraftreview.com/images/history/drafted2015/marcus-thornton.jpg",
  "contract": {
"amount": 500,
"exp": 2016
  },
  "draft": {
"round": 0,
"pick": 0,
"tid": -1,
"originalTid": -1,
"year": 2015,
"loc": "USA"
  },
  "injury": {
"type": "Healthy",
"gamesRemaining": 0	
  }
},
{
  "tid": -2,
  "ratings": [
{
  "hgt": 80,
  "stre": 65,
  "spd": 23,
  "jmp": 26,
  "endu": 50,
  "ins": 30,
  "dnk": 25,
  "ft": 25,
  "fg": 18,
  "tp": 0,
  "blk": 82,
  "stl": 12,
  "drb": 5,
  "pss": 10,
  "reb": 56,
  "pot": 44,
  "skills": []
}
  ],
  "pos": "C",
  "hgt": 82,
  "weight": 254,
  "born": {
"year": 1993,
"loc": "Klaipeda, Lithuania"
  },
  "name": "Arturas Gudaitis",
  "imgURL": "http://s1.15cdn.lt/static/cache/ODgweDU4MCwsNjE4OTgwLG9yaWdpbmFsLCw2NTg5MTU4Mjk=/arturas-gudaitis-508fdc633ebce.jpg",
  "contract": {
"amount": 500,
"exp": 2016	
  },
  "draft": {
"round": 0,
"pick": 0,
"tid": -1,
"originalTid": -1,
"year": 2015,
"loc": "Lithuania"
  },
  "injury": {
"type": "Healthy",
"gamesRemaining": 0	
  }
},
{
  "tid": -2,
  "ratings": [
{
  "hgt": 58,
  "stre": 25,
  "spd": 81,
  "jmp": 59,
  "endu": 36,
  "ins": 28,
  "dnk": 63,
  "ft": 62,
  "fg": 59,
  "tp": 71,
  "blk": 28,
  "stl": 42,
  "drb": 55,
  "pss": 36,
  "reb": 12,
  "pot": 48,
  "skills": []
}
  ],
  "pos": "SG",
  "hgt": 79,
  "weight": 178,
  "born": {
"year": 1993,
"loc": "Helga Trefald, Sweden"
  },
  "name": "Marcus Eriksson",
  "imgURL": "http://i.cdn.turner.com/nba/nba/.element/img/3.0/sect/draft/2015/prospects/MARCUS-ER.jpg",
  "contract": {
"amount": 500,
"exp": 2016	
  },
  "draft": {
"round": 0,
"pick": 0,
"tid": -1,
"originalTid": -1,
"year": 2015,
"loc": "USA"
  },
  "injury": {
"type": "Healthy",
"gamesRemaining": 0	
  }
},
{
  "tid": -2,
  "ratings": [
{
  "hgt": 29,
  "stre": 20,
  "spd": 79,
  "jmp": 57,
  "endu": 36,
  "ins": 28,
  "dnk": 63,
  "ft": 59,
  "fg": 51,
  "tp": 70,
  "blk": 26,
  "stl": 35,
  "drb": 56,
  "pss": 36,
  "reb": 19,
  "pot": 48,
  "skills": []
}
  ],
  "pos": "PG",
  "hgt": 76,
  "weight": 185,
  "born": {
"year": 1993,
"loc": "Torrance, CA"
  },
  "name": "Tyler Harvey",
  "imgURL": "http://cdn87.psbin.com/img/mw=160/mh=210/cr=n/d=cdqhv/wm7y8ymfwvc1zcox.jpg",
  "contract": {
"amount": 500,
"exp": 2016	
  },
  "draft": {
"round": 0,
"pick": 0,
"tid": -1,
"originalTid": -1,
"year": 2015,
"loc": "USA"
  },
  "injury": {
"type": "Healthy",
"gamesRemaining": 0	
  }
},
{
  "tid": -2,
  "ratings": [
{
  "hgt": 95,
  "stre": 82,
  "spd": 14,
  "jmp": 26,
  "endu": 33,
  "ins": 44,
  "dnk": 41,
  "ft": 52,
  "fg": 23,
  "tp": 0,
  "blk": 61,
  "stl": 20,
  "drb": 13,
  "pss": 12,
  "reb": 55,
  "pot": 40,
  "skills": []
}
  ],
  "pos": "C",
  "hgt": 84,
  "weight": 290,
  "born": {
"year": 1995,
"loc": "Ballo Ke, India"
  },
  "name": "Satnam Singh Bhamara",
  "imgURL": "http://i.ytimg.com/vi/KWr8E_lFImQ/0.jpg",
  "contract": {
"amount": 500,
"exp": 2016
  },
  "draft": {
"round": 0,
"pick": 0,
"tid": -1,
"originalTid": -1,
"year": 2015,
"loc": "USA"
  },
  "injury": {
"type": "Healthy",
"gamesRemaining": 0	
  }
},
{
  "tid": -2,
  "ratings": [
{
  "hgt": 51,
  "stre": 28,
  "spd": 62,
  "jmp": 52,
  "endu": 55,
  "ins": 33,
  "dnk": 27,
  "ft": 61,
  "fg": 61,
  "tp": 70,
  "blk": 25,
  "stl": 25,
  "drb": 48,
  "pss": 28,
  "reb": 30,
  "pot": 42,
  "skills": []
}
  ],
  "pos": "GF",
  "hgt": 78,
  "weight": 198,
  "born": {
"year": 1992,
"loc": "Detroit, MI"
  },
  "name": "Sir'Dominic Pointer",
  "imgURL": "https://ct.yimg.com/mr/IMAGES/PROSPECT/PHOTO/DOMINIQUE-POINTER2011_150A.JPG",
  "contract": {
"amount": 500,
"exp": 2016
  },
  "draft": {
"round": 0,
"pick": 0,
"tid": -1,
"originalTid": -1,
"year": 2015,
"loc": "USA"
  },
  "injury": {
"type": "Healthy",
"gamesRemaining": 0	
  }
},
{
  "tid": -2,
  "ratings": [
{
  "hgt": 48,
  "stre": 31,
  "spd": 74,
  "jmp": 59,
  "endu": 57,
  "ins": 41,
  "dnk": 43,
  "ft": 34,
  "fg": 59,
  "tp": 59,
  "blk": 42,
  "stl": 20,
  "drb": 45,
  "pss": 30,
  "reb": 34,
  "pot": 46,
  "skills": []
}
  ],
  "pos": "SF",
  "hgt": 80,
  "weight": 220,
  "born": {
"year": 1993,
"loc": "Madrid, Spain"
  },
  "name": "Dani Diez",
  "imgURL": "http://www.zonadostres.com/wp-content/uploads/2015/02/Dani-D%C3%ADez.jpg",
  "contract": {
"amount": 500,
"exp": 2016	
  },
  "draft": {
"round": 0,
"pick": 0,
"tid": -1,
"originalTid": -1,
"year": 2015,
"loc": "Spain"
  },
  "injury": {
"type": "Healthy",
"gamesRemaining": 0	
  }
},
{
  "tid": -2,
  "ratings": [
{
  "hgt": 70,
  "stre": 28,
  "spd": 30,
  "jmp": 33,
  "endu": 39,
  "ins": 33,
  "dnk": 32,
  "ft": 25,
  "fg": 24,
  "tp": 0,
  "blk": 69,
  "stl": 22,
  "drb": 17,
  "pss": 27,
  "reb": 50,
  "pot": 46,
  "skills": []
}
  ],
  "pos": "FC",
  "hgt": 82,
  "weight": 253,
  "born": {
"year": 1992,
"loc": "Port-au-Prince, Haiti"
  },
  "name": "Cady Lalanne",
  "imgURL": "http://grfx.cstv.com/photos/schools/umas/sports/m-baskbl/auto_headshot/10392133.jpeg",
  "contract": {
"amount": 500,
"exp": 2016	
  },
  "draft": {
"round": 0,
"pick": 0,
"tid": -1,
"originalTid": -1,
"year": 2015,
"loc": "USA"
  },
  "injury": {
"type": "Healthy",
"gamesRemaining": 0	
  }
},
{
  "tid": -2,
  "ratings": [
{
  "hgt": 31,
  "stre": 33,
  "spd": 64,
  "jmp": 40,
  "endu": 52,
  "ins": 28,
  "dnk": 63,
  "ft": 43,
  "fg": 70,
  "tp": 46,
  "blk": 14,
  "stl": 29,
  "drb": 74,
  "pss": 70,
  "reb": 16,
  "pot": 43,
  "skills": []
}
  ],
  "pos": "PG",
  "hgt": 77,
  "weight": 200,
  "born": {
"year": 1994,
"loc": "Cacak, Serbia"
  },
  "name": "Nikola Radicevic",
  "imgURL": "http://www.euroleague.net/rs/5p35jeivhb3nvvmn/c4974b14-d249-46d4-9092-0e470e8d733d/f95/filename/c49.jpg",
  "contract": {
"amount": 500,
"exp": 2016	
  },
  "draft": {
"round": 0,
"pick": 0,
"tid": -1,
"originalTid": -1,
"year": 2015,
"loc": "USA"
  },
  "injury": {
"type": "Healthy",
"gamesRemaining": 0	
  }
},
{
  "tid": -2,
  "ratings": [
{
  "hgt": 50,
  "stre": 25,
  "spd": 64,
  "jmp": 72,
  "endu": 41,
  "ins": 50,
  "dnk": 55,
  "ft": 57,
  "fg": 49,
  "tp": 40,
  "blk": 20,
  "stl": 34,
  "drb": 50,
  "pss": 30,
  "reb": 26,
  "pot": 48,
  "skills": []
}
  ],
  "pos": "GF",
  "hgt": 78,
  "weight": 200,
  "born": {"year": 1993,"loc": "Rockford, IL"},
  "name": "J.P. Tokoto",
  "imgURL": "http://d2cwpp38twqe55.cloudfront.net/images-011/players/tokotjp01.png",
  "contract": {
"amount": 500,
"exp": 2016	
  },
  "draft": {
"round": 0,
"pick": 0,
"tid": -1,
"originalTid": -1,
"year": 2015,
"loc": "USA"
  },
  "injury": {
"type": "Healthy",
"gamesRemaining": 0	
  }
},
{
  "tid": -2,
  "ratings": [
{
  "hgt": 76,
  "stre": 68,
  "spd": 31,
  "jmp": 49,
  "endu": 41,
  "ins": 56,
  "dnk": 75,
  "ft": 57,
  "fg": 74,
  "tp": 30,
  "blk": 68,
  "stl": 33,
  "drb": 17,
  "pss": 14,
  "reb": 55,
  "pot": 51,
  "skills": []
}
  ],
  "pos": "PF",
  "hgt": 82,
  "weight": 235,
  "born": {
"year": 1994,
"loc": "Marousi, Greece"
  },
  "name": "Dimitrios Agravanis",
  "imgURL": "http://im.cdn.md/img/basketoyuncu/3516_01.jpg",
  "contract": {
"amount": 500,
"exp": 2016	
  },
  "draft": {
"round": 0,
"pick": 0,
"tid": -1,
"originalTid": -1,
"year": 2015,
"loc": "Greece"
  },
  "injury": {
"type": "Healthy",
"gamesRemaining": 0	
  }
},
{
  "tid": -2,
  "ratings": [
{
  "hgt": 80,
  "stre": 40,
  "spd": 55,
  "jmp": 32,
  "endu": 45,
  "ins": 58,
  "dnk": 60,
  "ft": 50,
  "fg": 59,
  "tp": 0,
  "blk": 54,
  "stl": 34,
  "drb": 18,
  "pss": 33,
  "reb": 61,
  "pot": 55,
  "skills": []
}
  ],
  "pos": "F",
  "hgt": 81,
  "weight": 200,
  "born": {
"year": 1994,
"loc": "Novi Sad, Serbia"
  },
  "name": "Luka Mitrovic",
  "imgURL": "http://www.kkcrvenazvezda.rs/media/players/524c029de00a3luka_mitrovic_normal.jpg",
  "contract": {
"amount": 1300,
"exp": 2018	
  },
  "draft": {
"round": 0,
"pick": 0,
"tid": -1,
"originalTid": -1,
"year": 2015,
"loc": "USA"
  },
  "injury": {
"type": "Healthy",
"gamesRemaining": 0	
  }
},
{
  "tid": -2,
  "ratings": [
{
  "hgt": 72,
  "stre": 52,
  "spd": 44,
  "jmp": 72,
  "endu": 55,
  "ins": 28,
  "dnk": 42,
  "ft": 76,
  "fg": 43,
  "tp": 36,
  "blk": 74,
  "stl": 34,
  "drb": 38,
  "pss": 33,
  "reb": 75,
  "pot": 57,
  "skills": []
}
  ],
  "pos": "PF",
  "hgt": 83,"weight": 220,
  "born": {"year": 1994,"loc": "Palmdale, CA"},
  "name": "Christian Wood",
  "imgURL": "http://a.espncdn.com/combiner/i?img=/i/headshots/recruiting/ncb/players/full/139978.png&w=350&h=254",
  "contract": {
"amount": 1300,
"exp": 2018	
  },
  "draft": {
"round": 0,
"pick": 0,
"tid": -1,
"originalTid": -1,
"year": 2015,
"loc": "USA"
  },
  "injury": {
"type": "Healthy",
"gamesRemaining": 0	
  }
},
{
  "tid": -2,
  "ratings": [
{
  "hgt": 68,
  "stre": 72,
  "spd": 38,
  "jmp": 56,
  "endu": 47,
  "ins": 58,
  "dnk": 36,
  "ft": 56,
  "fg": 39,
  "tp": 6,
  "blk": 63,
  "stl": 24,
  "drb": 20,
  "pss": 22,
  "reb": 74,
  "pot": 53,
  "skills": []
}
  ],
  "pos": "PF",
  "hgt": 81,
  "weight": 240,
  "born": {
"year": 1995,
"loc": "Chicago, IL"
  },
  "name": "Cliff Alexander",
  "imgURL": "http://a.espncdn.com/combiner/i?img=/i/headshots/recruiting/ncb/players/full/124523.png&w=350&h=254",
  "contract": {
"amount": 4000,
"exp": 2018	
  },
  "draft": {
"round": 0,
"pick": 0,
"tid": -1,
"originalTid": -1,
"year": 2015,
"loc": "USA"
  },
  "injury": {
"type": "Healthy",
"gamesRemaining": 0	
  }
},
{
  "tid": -2,
  "ratings": [
{
  "hgt": 36,
  "stre": 36,
  "spd": 79,
  "jmp": 57,
  "endu": 28,
  "ins": 0,
  "dnk": 43,
  "ft": 75,
  "fg": 53,
  "tp": 70,
  "blk": 11,
  "stl": 32,
  "drb": 72,
  "pss": 74,
  "reb": 10,
  "pot": 56,
  "skills": []
}
  ],
  "pos": "SG",
  "hgt": 77,
  "weight": 212,
  "born": {
"year": 1994,
"loc": "Fort Bend, TX"
  },
  "name": "Aaron Harrison",
  "imgURL": "http://a.espncdn.com/combiner/i?img=/i/headshots/recruiting/ncb/players/full/100714.png&w=350&h=254",
  "contract": {
"amount": 500,
"exp": 2016	
  },
  "draft": {
"round": 0,
"pick": 0,
"tid": -1,
"originalTid": -1,
"year": 2015,
"loc": "USA"
  },
  "injury": {
"type": "Healthy",
"gamesRemaining": 0	
  }
},
{
  "tid": -2,
  "ratings": [
{
  "hgt": 85,
  "stre": 55,
  "spd": 22,
  "jmp": 32,
  "endu": 45,
  "ins": 58,
  "dnk": 60,
  "ft": 50,
  "fg": 49,
  "tp": 0,
  "blk": 54,
  "stl": 34,
  "drb": 18,
  "pss": 33,
  "reb": 61,
  "pot": 49,
  "skills": []
}
  ],
  "pos": "C",
  "hgt": 83,
  "weight": 250,
  "born": {
"year": 1994,
"loc": "Fresno, CA"
  },
  "name": "Robert Upshaw",
  "imgURL": "http://media.247sports.com/Uploads/Recruit/138/144766.jpg",
  "contract": {
"amount": 1300,
"exp": 2018	
  },
  "draft": {
"round": 0,
"pick": 0,
"tid": -1,
"originalTid": -1,
"year": 2015,
"loc": "USA"
  },
  "injury": {
"type": "Healthy",
"gamesRemaining": 0	
  }
},
{
  "tid": -2,
  "ratings": [
{
  "hgt": 74,
  "stre": 69,
  "spd": 42,
  "jmp": 32,
  "endu": 51,
  "ins": 39,
  "dnk": 60,
  "ft": 58,
  "fg": 62,
  "tp": 0,
  "blk": 64,
  "stl": 24,
  "drb": 22,
  "pss": 20,
  "reb": 68,
  "pot": 59,
  "skills": []
}
  ],
  "pos": "PF",
  "hgt": 83,
  "weight": 249,
  "born": {
"year": 1994,
"loc": "Pantin, France"	
  },
  "name": "Mouhammadou Jaiteh",
  "imgURL": "http://a.espncdn.com/i/nba/draft2015/headshots/19894.jpg",
  "contract": {
"amount": 1150,
"exp": 2018	
  },
  "draft": {
"round": 0,
"pick": 0,
"tid": -1,
"originalTid": -1,
"year": 2015,
"loc": "USA"
  },
  "injury": {
"type": "Healthy",
"gamesRemaining": 0	
  }
},
{
  "tid": -2,
  "ratings": [
{
  "hgt": 35,
  "stre": 25,
  "spd": 71,
  "jmp": 57,
  "endu": 43,
  "ins": 28,
  "dnk": 66,
  "ft": 36,
  "fg": 37,
  "tp": 70,
  "blk": 20,
  "stl": 75,
  "drb": 59,
  "pss": 55,
  "reb": 17,
  "pot": 44,
  "skills": []
}
  ],
  "pos": "PG",
  "hgt": 76,
  "weight": 215,
  "born": {
"year": 1992,
"loc": "Raleigh, NC"
  },
  "name": "Dez Wells",
  "imgURL": "http://grfx.cstv.com/photos/schools/xavi/sports/m-baskbl/auto_headshot/6959682.jpeg",
  "contract": {
"amount": 500,
"exp": 2015	
  },
  "draft": {
"round": 0,
"pick": 0,
"tid": -1,
"originalTid": -1,
"year": 2015,
"loc": "USA"
  },
  "injury": {
"type": "Healthy",
"gamesRemaining": 0	
  }
},
{
  "tid": -2,
  "ratings": [
{
  "hgt": 59,
  "stre": 66,
  "spd": 64,
  "jmp": 32,
  "endu": 50,
  "ins": 55,
  "dnk": 32,
  "ft": 66,
  "fg": 63,
  "tp": 0,
  "blk": 14,
  "stl": 34,
  "drb": 38,
  "pss": 33,
  "reb": 55,
  "pot": 49,
  "skills": []
}
  ],
  "pos": "PF",
  "hgt": 80,
  "weight": 235,
  "born": {
"year": 1992,
"loc": "USA"
  },
  "name": "Jonathan Holmes",
  "imgURL": "https://ct.yimg.com/mr/IMAGES/PROSPECT/PHOTO/JONATHAN-HOLMES-COMMITS-150.JPG",
  "contract": {
"amount": 1300,
"exp": 2018	
  },
  "draft": {
"round": 0,
"pick": 0,
"tid": -1,
"originalTid": -1,
"year": 2015,
"loc": "USA"
  },
  "injury": {
"type": "Healthy",
"gamesRemaining": 0	
  }
},
{
  "tid": -2,
  "ratings": [
{
  "hgt": 56,
  "stre": 30,
  "spd": 55,
  "jmp": 37,
  "endu": 36,
  "ins": 45,
  "dnk": 41,
  "ft": 50,
  "fg": 59,
  "tp": 70,
  "blk": 29,
  "stl": 48,
  "drb": 52,
  "pss": 48,
  "reb": 29,
  "pot": 49,
  "skills": []
}
  ],
  "pos": "SG",
  "hgt": 78,
  "weight": 210,
  "born": {
"year": 1994,
"loc": "Los Angeles, CA"
  },
  "name": "Bryce Dejean-Jones",
  "imgURL": "http://grfx.cstv.com/photos/schools/unlv/sports/m-baskbl/auto_headshot/9464716.jpeg",
  "contract": {
"amount": 500,
"exp": 2015	
  },
  "draft": {
"round": 0,
"pick": 0,
"tid": -1,
"originalTid": -1,
"year": 2015,
"loc": "USA"
  },
  "injury": {
"type": "Healthy",
"gamesRemaining": 0	
  }
},
{
  "tid": -2,
  "ratings": [
{
  "hgt": 20,
  "stre": 13,
  "spd": 74,
  "jmp": 36,
  "endu": 55,
  "ins": 23,
  "dnk": 46,
  "ft": 79,
  "fg": 45,
  "tp": 88,
  "blk": 12,
  "stl": 29,
  "drb": 70,
  "pss": 58,
  "reb": 9,
  "pot": 44,
  "skills": []
}
  ],
  "pos": "PG",
  "hgt": 72,
  "weight": 180,
  "born": {
"year": 1993,
"loc": "Chicago, IL"
  },
  "name": "Keifer Sykes",
  "imgURL": "http://a.espncdn.com/combiner/i?img=/i/headshots/nba/players/full/3046.png",
  "contract": {
"amount": 500,
"exp": 2015	
  },
  "draft": {
"round": 0,
"pick": 0,
"tid": -1,
"originalTid": -1,
"year": 2015,
"loc": "USA"
  },
  "injury": {
"type": "Healthy",
"gamesRemaining": 0	
  }
},
{
  "tid": -2,
  "ratings": [
{
  "hgt": 49,
  "stre": 28,
  "spd": 38,
  "jmp": 26,
  "endu": 48,
  "ins": 26,
  "dnk": 29,
  "ft": 39,
  "fg": 48,
  "tp": 53,
  "blk": 41,
  "stl": 40,
  "drb": 41,
  "pss": 44,
  "reb": 32,
  "pot": 53,
  "skills": []
}
  ],
  "pos": "SF",
  "hgt": 78,
  "weight": 215,
  "born": {
"year": 1992,
"loc": "Galveston, TX"
  },
  "name": "Terran Petteway",
  "imgURL": "http://image.cdnllnwnl.xosnetwork.com/pics33/200/GV/GVCUXSBINVTYLFJ.20130924172010.JPG",
  "contract": {
"amount": 500,
"exp": 2016	
  },
  "draft": {
"round": 0,
"pick": 0,
"tid": -1,
"originalTid": -1,
"year": 2015,
"loc": "USA"
  },
  "injury": {
"type": "Healthy",
"gamesRemaining": 0	
  }
}
]
}